Product Title,Rank
"lavna smart fingerprint padlock with 2 way access fingerprint n mobile app access, ip67 waterproof suitable for bags, suitcase, bike, garage door, cabinet, warehouse doors and shutters., black",1.0
qubo smart door lock essential from hero group | 6-way unlocking | fingerprint | pin | rfid card | bluetooth mobile app | mechanical key | otp access | 1 year brand warranty | (black),2.0
mygate smart lock se | 6-ways to unlock | fingerprint | mobile app access | otp | pin access | rfid card | mechanical key | decoy pin feature | 3-years warranty,3.0
"lavna zinc la15 smart digital door lock with fingerprint, mobile app and manual key access, suitable for 28 mm to 55mm wooden door fit with right n left door handle (black)",5.0
golens aluminium x33 smart wifi door lock | 6-way unlocking | fingerprint | pincode| rfid access card | physical key | passage mode (no extra gateway required) | very easy installation,6.0
"lavna ls10 smart cabinet, drawer, waredrobes door lock with fingerprint access, fully secured complete metal body lock (black)",7.0
"lavna smart door lock la16 with fingerprint, bluetooth mobile app, pin, otp, rfid card and manual key access for wooden doors (black, bluetooth)",8.0
"urban company native smart door lock pro with camera | 6-way unlock—fingerprint, belllink, uc app (wifi), pin, rfid, key | 3-year warranty | free uc installation | 100% data security | cosmic blue",9.0
"speedy wi-fi rim lock for internal doors | smart door lock | 5-way unlocking | mobile app, fingerprint, pin, rfid card & emergency key | free installation",10.0
"lavna zinc alloy and stainless steel la28 digital smart door lock with 7 ways access wifi unlock,fingerprint,card,pin,otp,mobile app and manual key access for wooden doors(la28 wifi + bt,gold)",11.0
mygate smart lock plus | 6-ways to unlock | in-built wifi | fingerprint | mobile app access | otp | pin access | rfid card | mechanical key | decoy pin feature | 3-years warranty,12.0
godrej digital lock i catus connect i smart lock for wooden door | 5 in 1 access i wifi i fingerprint i rfid card i pin access i mechanical key i champagne gold finish,13.0
qubo smart door lock select from hero group | 6-way unlocking | fingerprint | pin | rfid access card | bluetooth mobile app | mechanical key | otp access | 2 years brand warranty | (black),14.0
"uniy uy610 smart digital door lock (metal) fingerprint,rfid,pin access & manual key included mortise:theft alarm|low power reminder|usb key support| 50 finger capacity|suitable 30mm-100mm door(black)",15.0
plantex aluminium smart door lock/cylindrical smart lock for wooden door/digital fingerprint smart door lock with 2 keys for home/office/hotel - (black),16.0
atomberg azhero smart door lock | 6 ways unlocking | fingerprint | pin | remote otp | nfc card | atomberg app (data stored in india) | key | 2 stainless steel bolt | 2 year warranty (rose gold),17.0
"lavna aluminium smart digital door lock with fingerprint,bluetooth + wifi,mobile app,otp,pin,rfid card and manual key access for wooden doors(la24 black)(camera)",18.0
"yale ydme 50 nxt, smart door lock with biometric, pincode, rfid card & mechanical keys, color- black, for home & office (free installation)…",19.0
"lavna stainless steel digital smart door lock with camera,fingerprint,wifi + bluetooth,mobile app,otp,pin,rfid card and manual key access for wooden doors(la24)(camera + wifi + bluetooth)",20.0
mars smart door lock a9 wifi | 6-way unlocking | fingerprint | passcode | rfid access card | smartlife app | mechanical key | true otp access (luxury black),21.0
atomberg sl 1 smart door lock | 6 ways unlocking | fingerprint | pin | otp | nfc card | atomberg home app (data stored in india) | key | 5 stainless steel bolt | 2 year warranty by atomberg (black),22.0
"lavna le50 smart electronic metal door lock with bluetooth mobile app, fingerprint, rfid card, pin and manual key access for metal doors | smart door lock for home & office (black & grey)",23.0
golens x46 smart lock digital door lock 6-way unlocking | fingerprint | pincode| rfid access card | mobile app | mechanical key | otp access (2 year warranty),24.0
helett ht320 digital door lock (lightweight) 50 fingerprint manual key| mortise |support usb emergency unlock|suitable for 30mm-55mm aluminium or wooden office cabin and bedroom doors (black),25.0
"denler smart door lock dl01 dual batteries digital door lock app iphone & android, fingerprint, rfid card, pin, manual key 3 years onsite warranty (wi-fi black no lcd)",26.0
godrej smart lock i catus touch i digital lock for internal wooden door i 2 in 1 access i pin access i mechanical key i black finish i 3 year warrenty,27.0
godrej smart lock i catus touch pro i digital lock for main and internal wooden door i 3 in 1 access i fingerprint i pin access i mechanical key i black,28.0
"escozor fingerprint drawer lock, smart biometric cabinet lock, safety electric fingerprint lock, drawer wardrobe lock, furniture privacy lock (with each lock having different e-key), black",29.0
"bonkaso stainless steel h6 smart door lock and office 6-way unlocking features fingerprint passcode key card access bluetooth mechanical otp 2 year warranty (black, free installation)",30.0
godrej digital lock i catus touch plus i smart lock for wooden door i 4 in 1 access i fingerprint i rfid i pin access i mechanical key i champagne gold finish i 3 years warrenty,31.0
"lavna zinc la4 glass door lock with 6 way of access fingerprint,mobile app,remote,otp,pin&rfid card for 10-12 mm glass doors only(la4 bluetooth)",32.0
"golens aluminium x12 smart camera door lock|fingerprint|pincode|rfid card|mobile app|mechanical key|otp access automatic lock keyless entry digital lock(2 year warranty),black",33.0
"golens aluminium x88 luxury smart door lock|8 ways unlocking|3d face id|fingerprint|mobile app|rfid card|pin|otp|mechanical key|camera technology|keyless entry digital lock(2 year warranty),black",34.0
ozone smart door locks | main door locks for home & office | fingerprint door lock | otp via mobile app | smart lock for door | rfid card | emergency key | biometric lock | black,35.0
"golens lumia series smart camera door lock digital door lock with camera, 7-way unlocking fingerprint, wifi+bluetooth, mobile app, otp, password, nfc card and key access (no extra gateway required)",36.0
"godrej smart lock i advantis rimtronic rf for wooden door |for main door, internal doors in residential set up | 2 in 1 access | pin access | rfid card | black finish",37.0
"yale premium fingerprint|biometric wardrobe lock for cabinets, wardrobe & almirah for home & office | finish- brown | material - zinc",38.0
"escozor smart furniture biometric door lock for home (hidden or invisible nfc lock), black",39.0
"golens smart door lock, wifi+bt, 7-way unlocking including fingerprint, pincode, rfid card, mobile app, mechanical key| fingerprint lock, digital lock for door| no gateway needed, (x3n, black)",40.0
"golens smart door lock, wifi+bt, 7-way unlocking including fingerprint, pincode, rfid card, mobile app, mechanical key| fingerprint lock, digital lock for door| no gateway needed, (x3n, red bronze)",41.0
"smiledrive aluminium z+ smart door lock fingerprint padlock for home with superfast unlocking ip67 with 3 unlocking mechanisms: fingerprint,bluetooth&keys",42.0
godrej smart lock i catus touch i digital lock for main and internal wooden door i 2 in 1 access i pin access i mechanical key i champagne gold finish i 3 years warranty,43.0
"golens aluminium x37 wifi smart glass door lock, digital glass lock with wireless remote,pin, ic card, key auto locking high strength (standard size10-12 mm thickness of glass)",44.0
"escozor® dfl07 fingerprint drawer lock, smart biometric cabinet lock, safety electric fingerprint lock, drawer wardrobe lock, furniture privacy lock (upto 10 fingerprints can be stored)(without ekey)",45.0
helett ht210 digital door lock with 50 fingerprint manual key with mortise support usb emergency unlock|suitable for 30mm-55mm aluminium and wooden door fit with right and left door handle(black),46.0
"elara apex lite smart door lock, hd display, camera, fingerprint, rfid card scanner, pin unlock, one touch lock, led light, alarm alert, bluetooth & wifi, black,",47.0
"okos smart fingerprint lock with bluetooth support metal smart padlock lock with usb charging for home, bag, suitcase security",48.0
"escozor® emm01 smart digital pushpull fingerprint lock for main door,safety door with fingerprint,password,smart card,mechanical keys & wifi smart life mobile app control(35mm to 70mm door thickness)",49.0
qubo smart door lock essential from hero group | 6-way unlocking | fingerprint | pin | rfid card | bluetooth mobile app | mechanical key | otp access | 1 year brand warranty | (copper),50.0
"ifitech usb rechargeable smart fingerprint padlock | keyless thumbprint lock, keyless/passwordless access (black)- perfect for travel- gym bag, handbag, suitcase, luggage, cabinet, lockers, bicycle",51.0
"escozor® dfl08 fingerprint drawer lock, smart biometric cabinet lock, safety electric fingerprint lock, drawer wardrobe lock, furniture privacy lock (upto 10 fingerprints can be stored)(without ekey)",52.0
"lavna ls11 smart fingerprint cabinet, drawer, waredrobes door lock with fingerprint access, fully secured lock (black)",53.0
"golens x111 upgraded smart door lock lcd display, camera with 3d face recognition, fingerprint, wifi, mobile app, pin, rfid card and manual key access digital door lock",54.0
"uniy 810 smart digital wifi app door lock (no extra wi-fi gateway required)fingerprint-pin-otp-rfid-card&manual key|child lock|5 bolt strong mortis|suitable for minimum 35 mm wooden doors(black,metal)",55.0
"golens x32 waterproof smart rim lock with fingerprint, bluetooth + wifi, mobile app, otp, pin, rfid card and manual key access for steel, metal, wooden doors",56.0
godrej smart lock | advatis rimtronic digital lock | 360° fingerprint access | pass code spycode | autolocking | privacy function | break-in damage alarm,57.0
"yale ydm 4115-a, smart digital door lock for wooden door with fingerprint, pincode, mechanical keys & app enabled access, bluetooth, wi-fi for home & office | 1 year warranty matte finish (bronze)",58.0
godrej smart lock i catus connect i digital lock for wooden door | 5 in 1 access i wifi i fingerprint i rfid card i pin access i mechanical key i 3 strong locking dead bolts i rose gold i3 yr warranty,59.0
godrej smart lock i catus touch plus i digital lock for wooden door i 4 in 1 access i fingerprint i rfid i pin access i mechanical key i 3 strong locking bolts i champagne gold finish i 3 yr warranty,60.0
"lavna digital door lock with fingerprint, mobile app, pin, card and manul key access for upvc, aluminium and wooden doors (slim, black)",61.0
"awakey n1 | smart door lock | remote access | 6 ways unlocking | wifi door lock, fingerprint, mobile app, pin, otp, rfid | 3 toughened dead bolts i 3 yrs warranty | by jainson",62.0
grob lock smart fingerprint lock | smart fingerprint lock with automatic recognition technology | waterproof portable biometric lock | smart living product,63.0
"helett h41 premium fingerprint|biometric wardrobe lock for cabinets, wardrobe & almirah for home & office | finish- black | material - zinc",64.0
"golens alloy steel x98 luxury smart door lock|8 ways unlocking|3d face id|fingerprint|mobile app|rfid card|pin|otp|mechanical key|camera technology|keyless entry digital lock(2 year warranty),black",65.0
"yale ydm 7116 smart digital door lock with mortsie lock for main door | fingerprint | pin code | rfid card | mechanical key | app enabled access, wifi optional | 3 year warranty (red bronze)",66.0
"qawachh bluetooth smart sensor electronic fingerprint lock,heavy gauge (large)",67.0
golens x95 luxury smart door lock | 7 ways unlocking |3d face id| fingerprint | mobile app | rfid card | pin | mechanical key |camera technology| keyless entry digital lock (2 year warranty),68.0
"golens alloy steel x10 luxury smart door lock,digital door lock 3d face recognition,on mobile app unlock&audio video intercom,wi-fi unlock,fingerprint,rfid card,pin,manual keys(2year warranty),black",69.0
bioenable stainless steel l500 smart door lock | bluetooth & fingerprint unlock | scramble pin code | mechanical key | long battery life | reverse lock function | open mode free access | black,70.0
"golens zinc x13 premium smart lock digital door lock 8 ways to unlock video intercom,calling 3d face recognition, camera & wi-fi app, fingerprint, rfid card, pin, manual key (2 years warranty), black",71.0
"mx stainless steel electronic door lock with biometric support (white, standard size)",72.0
"escozor® dfl06 metal body fingerprint drawer lock,smart biometric cabinet lock,safety electric,drawer wardrobe lock,furniture privacy lock(20 fingerprints stored & each lock different ekey)",73.0
"yale ydr 414 smart rim lock with biometric, pin & mechanical key access, color- black(free installation)",74.0
"golens smart door lock ic card, rfid card smart door lock key, 13.56mhz rfid card can add smart card keyless entry smart card (pack of 2)",75.0
"escozor® smart furniture digital keyless lock for home (fingerprint lock with mobile app control), polished finish (black)",76.0
ozone ozfl-55-f fingerprint access automatic locking system smart digital furniture lock (antique bronze),77.0
"geek smart lock a270, smart digital door lock with wi-fi connectivity,5-in-1 remote unlocking using mobile app, biometric fingerprint access, rfid card, passcode & otp (black)",78.0
foora bio-46 smart lock fingerprint biometric pad lock 10 fingerprint user with 2 admin waterproof (silver finish) (fingerprint biometric padlock),79.0
delta a1 pro digital smart door lock | fingerprint | wifi |mobile app|otp| pin |rfid card |manual key access | for wooden doors (wifi inbuilt) |3 years warranty,80.0
"escozor® dfl03 with es29 concealed metal body fingerprint drawer lock,smart biometric(20 fingerprints stored & each lock different ekey)(can be install in sliding/openable wardrobe/drawer/cabinet)",81.0
sik tuya fingerprint lock indoor electronic lock smart fingerprint password card mechanical key touchscreen keypad door lock for home hotel office door,82.0
"golens aluminium x2 smart door lock with 7-way unlocking|fingerprint|pincode|rfid card|mobile app|mechanical key|otp access|automatic lock keyless entry digital lock,black",83.0
"nexmot ultra smart lock for main door with fingerprint, bluetooth, mobile app, otp, pin, rfid card and manual key access for wooden doors (nx ultra black) (bluetooth)",84.0
lavna hotel door lock with rfid card & manual key access for hotel | resort | pg room doors (lh400) (black),85.0
automatex smart door lock with fingerprint & number lock | digital lock and unlock system for home & office,86.0
"automatex hidden smart digital lock specially designed for wardrobe, cabinet or drawer with lock",87.0
"escozor® h201 smart digital keyless fingerprint lock for main,safety,bedroom & office door with password,smart card,mechanical keys & wifi smart life mobile app control(35mm to 70mm door thickness)",88.0
jainson awakey go smart door lock | 5 ways unlocking | bluetooth mobile app | fingerprint | rfid card | passcode | mechanical key | 3 years warranty | 60 years of trust,89.0
yale ydm 4109 smart door lock for wooden main door width 38mm to 80mm i 4 in 1 access | fingerprint | pin | rfid | mechanical key | universal handle | home office | 3 year warranty (black),90.0
smart door lock for home | affordable fingerprint lock | best smart door lock in india | included 12 months warranty | free installation pan india,91.0
"yale ydm 4109 roller latch smart door lock with biometric, pin, mechanical keys & app enabled access, bluetooth & wifi optional, without lever handle, color- black",92.0
qubo smart door lock ultra wifi from hero group | unlock from anywhere | 5-way unlocking | fingerprint | pincode| rfid access card | bluetooth mobile app | mechanical key | otp access | (copper),93.0
automatex smart door lock | number lock | digital lock and unlock system for home & office,94.0
yale ymi 70 pull smart digital door lock for wooden main door width 40mm to 100mm | single push action | biometric | pin code | rfid card | mechanical key | 3 year warranty (black),95.0
"herrlich homes smart fingerprint padlock | add upto 10 users | waterproof, usb rechargeable, anti-theft biometric | shackle 5 mm | for bags, suitcase, bike, warehouse doors and shutters | grey",96.0
"lavna zinc smart digital door lock with 6 way of access fingerprint,bluetooth mobile app,otp,pin,rfid card and manual key access for wooden doors(la8,black)",97.0
"dorset smato 701 fingerprint door lock | mortise digital door lock with ble inbuilt | fingerprint, password, rfid and key access| digital lock for home | ideal door thickness - 35-90 mm, black",98.0
"lavna zinc smart digital door lock with 7 ways of access wifi,fingerprint,bluetooth mobile app,otp,pin,rfid card and manual key access for wooden doors(la8,wi-fi)",99.0
godrej smart lockicatus touch plus & catus touch blackidigital lock for wooden door i 4 in 1 access i fingerprint i rfid i pin access i mechanical key i 3 strong dead locking bolts i black finish,100.0
iplug smart door lock i-x7 | 4-way unlocking | fingerprint | pincode | rfid access card | mechanical key |stainless steel mortise with bolt (black),101.0
iplug smart door lock i-05 | ultimate 6-way access with wifi mobile app control | fingerprint recognition | otp access | pincode | rfid | and mechanical key | premium stainless steel mortise,102.0
"lltronation handle-style fingerprint cabinet lock, smart biometric, matte black, waterproof",103.0
"escozor® dfl04 metal fingerprint drawer lock,smart biometric cabinet lock,safety electric fingerprint lock,drawer wardrobe lock,furniture privacy lock(20 fingerprints store & each lock different ekey)",104.0
"dorset dg 201 fingerprint lock for main door | 4-in-1 access: biometric, pin, rfid, key | auto-locking mortise digital lock | 2-year warranty | 35-90 mm door compatibility | black",105.0
ozone smart door lock combo | digital door lock with video doorphone | 5-in-1 access | unlock through video doorphone | 2 years warranty by ozone,106.0
"ozone fingerprint lock compact round and handy, access, rfid locking system smart furniture lock (black) (fingerprint)",107.0
"lavna smart digital camera door lock with fingerprint, wifi, pin, rfid card and manual key access for wooden doors (la48 wifi)",108.0
golens x23 smart camera door lock with 6-way unlocking | fingerprint | pincode | rfid card | mobile app | mechanical key | automatic lock keyless entry digital lock (2year brand warranty),109.0
dorset dg 303 smart biometric lock for drawers & cabinets | fingerprint lock for home & office drawers with 20 unique access | automatic locking | low battery alarm | black,110.0
"denler db03 wi-fi smart door lock, digital door lock, fingerprint, pin, card, manual key access min 30-50mm doors 3 years warranty",111.0
"escozor® dfl05 fingerprint drawer lock, smart biometric cabinet lock, safety electric fingerprint lock, drawer wardrobe lock, furniture privacy lock (20 fingerprints stored & each lock different ekey)",112.0
iplug imax pro smart door lock | 6 way access with real-time visual intercom | 3d face recognition | fingerprint | rfid | app control | otp | traditional key | stainless (black),113.0
iplug smart door lock i-04 copper | 6-way unlocking | wifi mobile app | otp access | fingerprint | pincode | rfid access card | mechanical key | stainless steel mortise with bolts (copper),114.0
"idoor padlock, smart door lock with fingerprint, ttlock application, manual key",115.0
"fingerprint door lock, foxgard biometric door lock, electronic door knob with keypad,smart door knob with 100 fingerprints, 50 codes, auto lock mode for home,bedroom, office(round)",116.0
"smart fingerprint cabinet lock, mini biometric electronic cabinet lock kits, keyless child safety file drawer wardrobe furniture privacy cabinet lock for home & office",117.0
"okos fingerprint lock for drawer & cabinet smart lock with emergency usb power input for home, cabinet, drawer, box, locker",118.0
jenix smart biometric fingerprint digital lock for cabinet or drawer i electric fingerprint keyless hidden file drawer wardrobe wooden furniture cabinet privacy lock with 1 year warranty,119.0
auslese® latchx bluetooth smart biometric handle door lock with app support | finger print | passcode | mechanical key | rfid,120.0
godrej advantis revolution smart digital lock for wooden door | 4 in 1 access | pin access | fingerprint | rfid card | mechanical key | black,121.0
"escozor® emm02 rose gold color smart digital pushpull fingerprint lock for main door with fingerprint,password,smart card,mechanical keys & wifi smart life mobile app(35mm to 70mm door thickness)",122.0
"golens x1pro smart lock with 8 way unlock 3d face recognition, wifi control, fingerprint smart door lock, keyless entry door lock,mobile app, auto lock,(zinc alloy) digital door lock",123.0
dorset fingerprint drawer lock - pack of 3 | keyless drawer lock with 40 unique fingerprint access | ideal for home/office | suitable for drawers/desks/cabinets i door thickness - 15-24mm | black,124.0
"ozone oz-fdl-11-r life gold smart lock with google assistant & alexa enabled (without wi-fi gateway, bronze)",125.0
"mypin bluetooth fingerprint cabinet lock,smart biometric cabinet lock,keyless hidden file drawer wardrobe lock,child safety electric fingerprint lock,diy wooden furniture privacy lock for home office",126.0
grob lock smart fingerprint lock (pack of 2) | smart fingerprint lock with automatic recognition technology | waterproof portable | smart living product,127.0
smart icards; single door 12v dc 600lbs electromagnetic lock/em lock for access control with led (silver),128.0
escozor® metal smart biometric digital lock fingerprint for cabinet | drawer | openable wardrobe| unlock using fingerprint & e-key | upto 20 fingerprints can be stored (pmf01),129.0
"foxgard zinc smart fingerprint door lock,keyless entry door lock with handle,biometric door lock,room door lock for home/storage /bedroom/office and other private spaces (black)",130.0
"a2z smart locks-g pro smart lock. face id, fingerprint, password, rfid card, mechanical key, app access",131.0
"dorset fingerprint lock for drawers & cabinets | 20 unique biometric access | smart biometric furniture lock for home and office drawers | ideal door thickness - 10-20mm, golden | dg303 fg",132.0
"qubo smart door lock elite wifi from hero group | unlock from anywhere | 5-way unlocking | fingerprint | pincode | rfid card | bluetooth mobile app | mechanical key | otp access | (black), zinc",133.0
iplug smart cabinet lock i-c3 | rfid access card smart drawer lock,134.0
"denler dl05 smart door lock, digital door lock, inbuilt wi-fi app, passage mode, otp, fingerprint lock, rfid card, pin, key min 35mm door",135.0
"golens x20 luxurious design smart door lock digital door lock 8 ways to unlock 3d face recognition,camera & wi-fi remote using app,fingerprint,manual key",136.0
yale access bluetooth communication module for yale digital smart door locks -1 year warranty (white),137.0
lockomatic smarty tbled2ty smart door lock fingerprint/rfid/passcode/mechanical key/otp/wifi mobile app for wooden/metal door,138.0
"code smart alloy digital door lock|5 way unlocking|fingerprint|passcode |rfid card|app based otp access|mechanical key|theft alarm, low power reminder, wifi optional in-built door bell (black)",139.0
"navkar systems electronic rim lock with weatherproof finger card pin remote mobile app access control panel with 2 remotes, can operate any electronic lock using finger card pin remote smart life app",140.0
"equal smart door lock s8 | 6-way unlocking | fingerprint, pincode, rfid access card, mechanical key, otp access, mobile app (wifi) for wooden doors | aluminium alloy finish - black",141.0
godrej smart lock i catus touch plus i smart digital lock for wooden door i 4 in 1 access i fingerprint i rfid i pin access i mechanical key i rose gold finish i 3 years warranty,142.0
"robsync smart electronic door lock with inbuilt wifi controller device main gate lock|heavy duty lock 3 ways unlocking wifi mobile app, remote & physical keys suitable for ss, ms, wooden doors - metal",143.0
"a2z smart locks-gb one smart lock. face id, fingerprint, password, rfid card, app andmechanical key entry, 4.3"" display.",144.0
escozor® metal smart biometric digital lever lock fingerprint for doors | bedroom | office | apartment unlock using fingerprint & manual keys (mfk01),145.0
"ozone round, handy, and compact master pin code access automatic smart furniture locking black (pack of 1)",146.0
lavna zinc alloy and stainless steel hotel digital door lock with rfid card and manual key access for hotel|resort|pg room doors support mobile app(lh300)(black),147.0
auslese® camsight wifi smart biometric door lock with camera and screen | app support | finger print | rfid | passcode | mechanical key | otp | free installation | 2 years warranty,148.0
"auslese® mini smart fingerprint padlock usb rechargeable biometric keyless ip65 waterproof thumbprint padlock for locker, luggage, gym, suitcase",149.0
"escozor® dfl03 with app smart furniture digital keyless lock for home (fingerprint lock with mobile app control), polished finish (black) (smart life app)",150.0
"navkar systems weatherproof finger card pin remote mobile app access control panel with 2 remotes, can operate any electronic lock using finger card pin remote smart life app",151.0
lacasa 14inch smart door lock lc733 | fingerprint | pincode | rfid access card | mechanical key | auto locking | high strength | for home and office(black),152.0
"yale smart lock pro & connect- alexa enabled smart door lock with app access, (grey, free installation)",153.0
"fingerprint padlock, padlock with keyless biometric, heavy duty padlock, smart lock with app, bluetooth combination padlock with key, waterproof outdoor padlock, suitable for gates, fence, storage",154.0
dhvaj smart door lock with 5-way unlocking | fingerprint | pincode| mobile app| mechanical key | otp access |stainless steel mortise with 5 bolts | trust of hero group | - silver,155.0
"alcott® zinc fingerprint drawer lock, smart biometric cabinet lock, safety electric fingerprint lock, drawer wardrobe lock, furniture privacy lock (upto 20 fingerprints can be stored) 1 warranty",156.0
godrej smart lock i catus connect i digital lock for wooden door | 5 in 1 access i wifi i fingerprint i rfid card i pin access i mechanical key i 3 strong locking dead bolts i champagne gold,157.0
bonkaso h9 smart door lock for home and office| 6-way unlocking features|fingerprint|passcode|key card access|bluetooth|mechanical key|otp access|2 year warranty|(black)| (free installation),158.0
honexa smart door lock with 5-way unlocking | fingerprint | pincode | mobile app| mechanical key | otp access |stainless steel mortise with 5 bolts | trust of hero group | - silver,159.0
ivelect biometric fingerprint smart lock security usb rechargeable cabinet lock,160.0
excluzo drawer lock with fingerprint 20 shockproof smart electronic cabinet lock with fingerprint for cabinet shelves,161.0
"escozor® abs smart digital lock keypad based password for cabinet or drawer smart furniture lock for home & office use (black, polished finish)",162.0
golens x61 smart cabinet password lock independent & open dual working modes 3 color indicator emergency power supply password protection password cabinet locks for home drawer locker,163.0
popley fingerprint cabinet lock smart fingerprint drawer lock perforation free usb rechargeable fingerprint lock for home office fingerprint cabinet lock,164.0
"a2z smart locks-b pro smart lock. smart lock with face id,fingerprint, password, rfid card, key, and app access, automatic locking",165.0
"excluzo drawer fingerprint lock, smart electronic lock, 0.3 seconds response time per cabinet",166.0
premvati smart door lock with 5-way unlocking | fingerprint | pincode| rfid access card | mobile app| mechanical key | otp access |stainless steel mortise with 5 bolts | trust of hero group | - silver,167.0
tuchware xs-3500-db-auto dead bolt-wifi-tuya | the ultimate remote control biometric fingerprint digital smart password code deadbolt door lock,168.0
"godrej locking solutions and systems advantis 5259 abs plastic digital door lock (black, 15-pieces)",169.0
smart lock with handle: wi-fi keyless entry door lock - smart locks for front door - biometric fingerprint door lock - smart door lock with keypad - garage door with app control - auto lock (black),170.0
aqara smart door lock d100 zigbee,171.0
"docoss-116 metal tsa locks for luggage, number lock for bag 4 digit small locks for luggage tsa lock combination password locks for travel (silver)",172.0
"dorset dg202 digital wifi door lock with fingerprint, rfid, pin, mobile app & key access|2 years warranty | door thickness - 35-90 mm [dg202 msn]",173.0
"plantex heavy-duty door lock set - main door lock handle set/ 6-lever lock mechanism with 3 years of warranty/mortise lock with 3 keys, brass lock body & cylinder (8110 - brass antique)",174.0
"golens x91 wi-fi smart door lock, digital door lock, smart door knob remote control with smart life app fingerprint, pin, card, manual key access min 30-50mm doors 2 year warrnaty (silver)",175.0
"philips wi-fi smart lock, turn your existing deadbolt into a smart door lock, built-in wifi, app remote control, keyless entry door lock, auto-lock, lock status logging, multiple alarm, matte black",176.0
"a2z smart locks- series 2 smart lock, password, card, fingerprint, mechanical key options",177.0
oldarc smart electric bolt lock | 5 wire autolock deadbolt with time delay & door lock status feedback | 12vdc fail safe drop bolt lock for metal wooden door electronic lock for essl access controller,178.0
"aqara smart lock u50, keyless entry door lock with apple home key, bluetooth deadbolt lock, app remote control, supports apple homekit, matter, google home, alexa, ifttt, black",179.0
"team office invisible smart rfid cabinet drawer lock | keyless cabinet lock | electronic drawer lock, double socket punch free safe cabinets| lockers cash drawers",180.0
wifi controller with door lock and 2 remotes works with (alexa and google home). silver,181.0
"abez am30 smart door lock, digital door lock with 5 way unlocking fingerprint/biometric| rfid card access| pin| mechanical key |nfc. compatible with metal,wooden door with 30mm thick ,for home and office use. universal left and right handle rotation. stainless steel mortise with 5 bolts(black)",182.0
"excluzo stainless steel stainless door access button, door exit push button, for smart security access control lock",183.0
"golens x9 premium luxury design smart door lock with lcd display & camera wi-fi unlock using app, fingerprint, nfc card, pin, manual key keyless entry door lock auto-lock (2 years warranty)",184.0
safeobuddy smart glass door lock | 5-way unlocking | fingerprint | pincode | rfid card | mobile app | otp access | wifi (optional).,185.0
"abez am30i smart door lock, digital door lock with 5 way unlocking fingerprint/biometric| rfid card access| pin| mechanical key |mobile usmartgo app-otp access. compatible with metal ,wooden door with 30mm thick ,for home and office use. universal left and right handle rotation. stainless steel mortise with 5 bolts.",186.0
"smart door lock, olumat keyless entry door lock fingerprint door lock with keypad digital door lock with handle for home, rental, office and hotel (silver)",187.0
"a2z smart locks-b1 pro smart face id lock, password, card, app and mechanical key access, one-touch locking",188.0
"docoss metal 4-digit password number luggage travel bag locks, pack of 2 (black), combination lock",189.0
abez-be smart digital door lock (2 way),190.0
"nandati invisible or hidden rfid smart digital lock specially designed for wardrobe, cabinet or drawer master & user cards with lock, pack of 1",191.0
"equal acrylonitrile butadiene styrene smart door lock a8 | 4-way unlocking | fingerprint, pincode, rfid access card, mechanical key for wooden doors | 1 year brand warranty | gloss black",192.0
"wallton industries digital smart door lock - two-layer authentication, bluetooth fingerprint password rf card and emergency key 5 way open (1 year warranty) - black",193.0
dorset password door locks for main door [dg502mrg ] smart pin and key access | door thickness 40-90 | free installation| lock for bedroom and main door- [dg502mrg ] rose gold finish,194.0
"acquire smart key cylindrical door lock, antique brass, 3 bolts",195.0
"olumat smart door lock with wifi gateway, keyless entry door lock with handle - smart locks for front door with keypad - fingerprint door lock with app control - auto lock",196.0
"dorset night latch lock - key & knob model inside opening doors- smart night latch lock for wooden & aluminium doors - 5 year warranty | pack of 5, silver - sm101ns",197.0
"keyless-entry keypad fingerprint smart lock: digital door lock with code passcode, electronic door handle, biometric door knob for entry door, bedroom door (silver)",198.0
intelligent fingerprint lock smart electric drawer cabinet lock for home office wardrobe furniture biometric security devices,199.0
abez-be smart digital door lock - cr20 (ancient bronze),200.0
"fingerprint cabinet lock, smart cabinet lock biometric drawer lock fingerprint drawer lock cabinet lock drawer lock for home office",201.0
l&g handleless smart door lock | smart door lock without handle | german iot technology | pan india free installation,202.0
xp smart fingerprint cylinder lock,203.0
"nuki smart lock 3.0 for euro profile cylinder, smart door lock for keyless access with no screwing or drilling required, retrofittable electronic door lock, white",204.0
"abez cr22 smart door lock, digital door lock with 2 way unlocking fingerprint/biometric |mechanical key. compatible with metal, wooden door with 32mm thick . antique design for main door and bedroom door. universal left and right handle rotation(ancient bronze)",205.0
"fingerprint cabinet lock, biometric fingerprint smart lock keyless hidden file drawer wardrobe lock child safety electric fingerprint lock diy wooden furniture privacy lock for home office",206.0
"fingerprint drawer lock, smart biometric recognition, hidden file drawer cabinet lock without key for various furniture",207.0
"safeobuddy smart shutter lock | keyless lock | lock open by mobile | wireless setup | easy installation | smart lock for shop, shutter, warehouse and all types of shutter",208.0
"zowill keyless entry door lock with handle set - smart lock for front door with app contorl - front door knob with code, electronic keypad deadbolt, auto lock, easy installation, compatible with alexa",209.0
abez-be smart digital door lock - bm16 (black),210.0
"styxon smart lock keyless entry deadbolt 2021 newes door lock,digital bluetooth door lock with keypad,smart locks front door works with app and key auto lock for homes hotels office - silver",211.0
"aqara smart lock u200 kit, matter over thread, keyless entry door lock with apple home key and rechargeable battery, supports apple home, alexa and smartthings (silver)",212.0
abez-be smart digital door lock (2way),213.0
"dorset mortise smart door lock for home | door lock with fingerprint, password & key access | 200 unique fingerprint ids | free installation* | dg503 gm finish",214.0
dorset dg 305 fingerprint lock for drawer & cabinets | biometric lock with 40 fingerprint access | keyless furniture drawer lock | suitable for home & office - ideal door thickness 15-24 mm | black,215.0
smart door lock elite from hero group | 6-way unlocking | fingerprint | pincode | rfid card | bluetooth mobile app | mechanical key | otp access | 1 year brand warranty | (black),216.0
prime gold smart digital door lock (metal),217.0
"tuchware xs3400wf smart door handle lock with wifi, fingerprint, rfid, keypad, mortise, and cylinder",218.0
"dorset smart cabinet lock| [buy 2 get 1] biometric digital lock for drawer & cabinet | fingerprint keyless furniture drawer lock | suitable for desk, drawer & cabinet | black",219.0
lockomatic classic tblx1tt black smart door lock fingerprint/passcode/rfid card/mechanical key/otp/bluetooth mobile app for wooden doors,220.0
"ostin rfid electronic cabinet lock, id card unlock smart cabinet lock,no drill home security systems,smart wardrobe lock keyless for home business cabinets, drawers, lockers",221.0
"tuchware xs1100 smart rfid door lock - keyless entry for homes, apartments, office, hotels (right handed inside open, gold)",222.0
"volo door lock set with brass cylinder and lock body for home/hotels/office in black satin finish with 3 brass computerised keys (color: black satin)(no. 2164) (bedroom mortise set (8"" lock body))",223.0
"smart electronic cabinet lock, digital zinc alloy keyboard cabinet lock, used for wardrobeoffice cabinetspa door cabinet",224.0
"fingerprint door lock, biometric door lock, keyless entry door lock, keypad door lock, keyless door lock,keypad entry door lock, passcode code door lock, digital smart door lock black no fingerprints",225.0
series 4 wifi smart biometric cam door lock with camera and screen with remote image on app,226.0
techinal password drawer lock zinc alloy material smart password lock smart cabinets lock antitheft digital door lock for cabinet smart password lock,227.0
"sik drawer fingerprint lock, electronic coded lock, locker lock password lock smart for file locker cabinet drawer(silver)",228.0
"scyan smart door lock, keyless door lock, x4 handle lock with touchscreen keypad access, auto locking, manage lock with app for home, airbnb, rental house, aged bronze",229.0
"lockomatic victor tbrl1 black smart fingerprint door lock, fingerprint door knob with fingerprint/emergency key, for apartment, hotel, office, home, bedroom",230.0
"fingerprint cabinet lock, smart cabinet lock locker lock electric fingerprint lock for locker for cabinet for drawer for cupboard",231.0
"dorset smart cabinet lock| biometric digital lock for drawer & cabinet |fingerprint keyless furniture drawer lock | suitable for desk, drawer & cabinet [pack of 2] | black",232.0
smart door lock with fingerprint recognition for home security and convenience,233.0
"ostin smart cabinet lock, electronic drawer lock hidden electronic cabinet lock rfid card lock for wardrobe, wooden cabinet drawer lock",234.0
overa intelligent electronic locks with 2 keys invisible sensor cabinet padlock ic card unlock lock wardrobe hardware diy smart sensor hidden safety digital cabinet lock/electronic drawer locks,235.0
fully auto door lock supports multiple modes digital code password key card lock smart intelligent safe electronic lock with camera for apartment main door and app - usmartgo,236.0
atomberg sl 1 smart door lock | 6 ways unlocking | fingerprint | pin | otp | nfc card | atomberg home app (data stored in india)| key | 5 stainless steel bolt | 2 year warranty by atomberg (rose gold),237.0
"okos smart door lock for wooden doors, supports home automation, fingerprint, mobile app, rfid card, pin password and key, for home and office use, works with left and right open doors",238.0
smart door lock | 5-way unlocking | fingerprint | pincode | rfid access card | bluetooth mobile app | mechanical key | biometric fingerprint door lock | digital door lock - auto secure,239.0
schlage s-6500 digital door lock | no.1 lock brand since 1920 | access with fingerprint pin rfid card or key | built-in voice guide | weather resistant | 2 years warranty,240.0
"hanutech smart door lock with fingerprint, rfid, pin access & manual key access, black(free installation), glass finish",241.0
delavala smart lock for wooden door | catus touch plus | 5-way unlocking | | fingerprint | pincode| rfid access card | bluetooth mobile app | mechanical key i black finish i keyless entry door lock,242.0
"tuchware xs1100 smart rfid+ble, door lock - keyless entry for homes, apartments, office, hotels (left handed inside open, golden)",243.0
"tuchware smart lock xs3300 with bluetooth mobile app, fingerprint, pin, otp, rfid card and manual key access for wooden doors (right/left)",244.0
"okos smart lever lock,smart door lock, fingerprint and touchscreen door lock, keyless entry biometric door lock with fingerprint & anti-peep code",245.0
"rfid and bluetooth enabled smart lock, advanced encrypted communication - safe and secure access",246.0
godrej smart lock i catus touch plus digital lock for main wooden door i for main door i 4 in 1 access i fingerprint i rfid i pin access i mechanical key i black finish,247.0
"houzmatic alpha-02 smart door lock, digital door lock long handle 5-way unlock camera, mobile app,otp, fingerprint, pin, rfid card and manual key access for metal wooden doors hinged doors",248.0
"i-touch itos 2 digital door lock/smart lock for wooden door with 5 way unlocking - finger print, mechanical key, rfid card, password, mobile app access, hd camera for home, office, hotel, black",249.0
"ezviz l2s smart fingerprint lock, keyless lock with four unlock methods, real-time mobile alerts, built-in electronic doorbell, anti-tamper alarm, low-battery warning, easy user management",250.0
lacasa smart door lock lc814g |fingerprint | pincode | rfid access card | wi-fi mobile app | mechanical key | time based access | auto locking | high strength | for home and office(grey),251.0
houzmatic alpha 01 smart door lock,252.0
zkteco smart door lock with 5-way unlocking | fingerprint | pincode| rfid access card | mobile app| mechanical key | - ml100,253.0
"godrej smart lock | spacetek pro digital lock |for main door, biometric + pin + rfid + mechanical key |autolocking digital lock for office & home door | black finish |3 yr warranty",254.0
iplug imax pro smart door lock | 6 way access with real-time visual intercom | 3d face recognition | fingerprint | rfid | app control | otp | traditional key | stainless steel (copper finish),255.0
lacasa smart door lock lc850 | fingerprint | pincode | rfid access card | wi-fi mobile app | keys | time based access | auto locking | high strength | for toughened glass doors at office(black),256.0
dorset smart lock for drawer -pack of 3 | fingerprint id (up to 20 unique access) | biometric drawer lock for home and office | smart cabinet lock | black,257.0
delavala tuya smart door lock 5 ways unlocking voice wifi biometric app fingerprint door handle digital keyless password rfid unlock for home security,258.0
"iuknob fingerprint door knob with keypad and key, smart biometric digital lock with voice navigation programming, combination zinc electronic handle for interior doors, entry gate,bedrooms,garage.",259.0
lacasa smart door lock push pull lc815|fingerprint | pincode | rfid access card | wi-fi mobile app | mechanical key | time based access | auto locking | high strength | for home and office | 16.5inch,260.0
linkify smart door handle lock with biometric fingerprint sensor and tuya app for keyless entry on wood doors – 1-year warranty,261.0
"houzmatic alpha-x smart door lock, digital door lock long handle 6-way unlock mobile app,otp, fingerprint, pin, rfid card and manual key access for wooden doors",262.0
"tuchware smart lock xs3200 with fingerprint, pin, otp, rfid card and manual key access for wooden doors (right handed)",263.0
mukhivala smart lock for wooden door | catus touch plus | 5-way unlocking | | fingerprint | pincode| rfid access card | bluetooth mobile app | mechanical key i black finish i keyless entry door lock,264.0
"fingerprint door knob, fingerprint door lock with code,keyfob card,bluetooth,key,biometric smart lock for home bedroom apartment",265.0
"okos smart door lock, wifi smart biometric door lock series 3 | biometric, pincode, rf card, otp, mechanical keys & app enabled access color: bronze",266.0
lacasa smart door lock lc811b |fingerprint | pincode | rfid access card | wi-fi mobile app | mechanical key | time based access | auto locking | high strength | for home and office(black),267.0
"tuchware xs1100 smart rfid+ble, door lock - keyless entry for homes, apartments, office, hotels (right handed inside open, golden)",268.0
"lengenda smart door lock knob smart fingerprint door lock, with app smart lock for bedroom door, keyless entry, emergency charging (tuya version black)",269.0
"olpad smart door lock for home, bluetooth lock, fingerprint, magnetic card, password key, remote unlock temporary password home (color : black)",270.0
iuppa smart glass door lock fingerprint & app & mechanical key 3 unlocking ways stainless steel 100 fingerprints smart doorlock rotating semicircle smart bt lock for 12mm glass door offices,271.0
"okos smart glass door lock wifi fingerprint door lock, electronic key less entry door mortise lock with rfid cards,okos remote app unlock and mechanical key for door security (black, right/left door)",272.0
magideal home personal use door security fingerprint key access control smart door lock handles alloy material copper,273.0
lacasa lc710 | 14inch smart digital door lock fingerprint-pin-rfid card & manual key|child lock |5 bolt strong mortise | suitable for wooden and metal doors (black),274.0
durags smart lock fingerprint smart door lock with handle 4 in 1 keyless entry tuya app key passcodes smart knobs for front door bedroom apartment hotel black,275.0
vms india electronic touch smart door lock password fingerprint card door lock copper,276.0
"jenix k155 wifi smart biometric fingerprint, password, mobile app access control cum attendance waterproof rfid keypad lock system",277.0
"fingerprint door knobs with app, keyless entry smart door lock with biometric finger print, keys for bedroom home office hotel (silver)",278.0
"idoor halo, smart door lock, digital lock for wooden door, wifi, fingerprint, tuya compatible, smartlife application,ic card, manual key",279.0
"automatex fingerprint biometric lock for cabinets, door,wardrobe & almirah for home & office",280.0
the original quba qrious smart digital door lock: 3-way unlocking - biometric fingerprint access | wifi remote unlocking thru app | 5 - mechanical keys | 3 years warranty,281.0
"sik smart door lock, security digital door lock virtual code input low battery alarm card key unlock biometric fingerprint for tongtong lock",282.0
smart door knob stable fingerprint door knob with 3 keys app/key/fingerprint control door lock safe 3 ways unlock door knob emergency charging door lock for interior doors(black),283.0
"speedy wifi enabled smart door lock for main door with 5 in 1 access | biometric, 2 emergency keys | (no extra gateway required) | 2-year warranty & free installation by brand",284.0
sik fingerprint door lock automatically locks 4 methods to unlock your smart home apartment silver,285.0
"ketumal biometric door lock, long life 6-8 digits password security application home security key card smart door lock for",286.0
"sik smart door lock, free handle design fingerprint door lock for office for apartment for home",287.0
sik smart fingerprint handle lock electric door lock with automatic sensor mechanical key cordless security lock zinc alloy suitable for left & right handle for home office apartment,288.0
"idoor glass, smart door lock with fingerprint, number, card app, smart freeze (for glass to glass lock)",289.0
navkar systems stainless steel electronic door lock with video door phone support,290.0
lichts biometric fingerprint smart lock security usb rechargeable cabinet lock,291.0
"yuxana smart door lock with bluetooth mobile app, fingerprint, otp and manual key access for wooden doors (black)",292.0
oob smarthome digital door locks for main door | fingerprint | pin-password | mobile apps | rfid card | key | 5 stainless steel bolt | 1 year warranty by oob smarthome (black) (pack 3),293.0
smart keyless fingerprint cabinet lock biometric electric lock mini portable fingerprint drawer lock for office drawer file cabinet black,294.0
"rees52 door exit button release switch for electronic lock, lock sensor, access control system, emergency alarm, trigger switch, stainless steel door exit button",295.0
bectro u bracket em lock for access control system em lock (u bracket em lock),296.0
